Age,Salary,Experience,Education_Level,Purchased
22,73478,22,0,0
43,109255,29,1,1
21,40588,5,0,0
37,55125,25,1,0
41,117085,21,2,1
57,28794,37,2,0
46,82285,38,0,0
32,34275,32,1,0
41,79849,5,0,0
26,95203,12,2,1
43,43978,23,1,0
64,73540,3,1,0
60,82637,29,0,0
44,43012,36,2,0
26,79386,26,1,1
57,21053,28,0,0
56,77898,4,0,0
22,37039,20,0,0
25,29110,5,1,0
62,111671,8,0,0
18,45012,0,2,0
29,53725,31,0,0
24,51582,6,2,0
37,27740,9,0,0
62,35381,33,1,0
23,45144,38,1,0
42,105590,4,1,0
18,97780,23,2,1
52,70403,30,0,0
27,89418,31,1,1
32,104267,20,1,1
56,75969,39,1,1
22,80004,0,0,0
64,44958,29,0,0
27,54299,7,0,0
41,95917,26,2,1
53,115502,17,1,1
21,24011,9,1,0
26,69391,12,2,1
37,111402,33,1,1
19,99340,16,2,1
18,102302,2,2,0
34,83318,24,0,0
49,117248,25,0,0
47,42083,13,0,0
62,49520,1,2,0
46,59646,13,2,0
25,99038,18,1,1
41,49533,18,0,0
28,30045,19,0,0
59,80815,34,2,1
53,49592,36,1,0
18,111193,24,2,1
25,35811,2,2,0
41,84456,28,1,1
46,39245,16,0,0
50,90414,9,2,1
39,53456,8,2,0
54,110861,33,0,0
53,87189,28,0,0
51,106176,12,2,1
21,101130,11,2,1
45,81356,13,0,0
51,76013,14,2,1
37,71728,7,1,1
45,74331,29,1,1
22,71985,22,2,1
37,30103,19,0,0
51,87463,30,2,1
48,36827,38,0,0
55,36340,6,0,0
27,39044,22,0,0
47,54870,4,2,0
35,48965,21,1,0
49,21619,23,2,0
20,112339,28,2,1
37,75243,37,0,0
36,33405,12,1,0
39,85512,16,2,1
21,62259,32,2,1
29,108282,34,0,0
34,20341,8,2,0
30,68430,39,0,0
47,90168,24,2,1
61,110143,8,2,1
59,29610,24,1,0
27,68597,11,2,1
30,118772,14,2,1
21,56687,18,2,0
64,98674,34,0,0
32,43249,20,1,0
38,101245,24,2,1
33,88343,28,0,0
53,50728,16,0,0
22,31864,22,1,0
61,74967,6,1,1
26,94114,26,1,1
44,53592,11,0,0
61,97576,22,1,1
41,32472,18,1,0
31,100911,31,2,1
57,38189,1,2,0
21,33542,8,0,0
47,66998,17,1,1
30,47303,13,1,0
30,30044,9,2,0
33,75278,17,1,1
47,26704,30,0,0
26,23461,1,1,0
56,101991,14,1,1
24,107582,21,2,1
39,92375,12,0,0
62,30264,12,1,0
45,107314,9,2,1
25,77292,4,1,0
35,51719,28,0,0
60,62894,3,0,0
23,67123,31,0,0
54,31393,29,2,0
59,116007,19,0,0
59,27970,36,0,0
47,87015,18,0,0
44,48818,10,2,0
18,76575,3,1,0
40,111201,32,0,0
52,45766,37,0,0
30,110602,35,0,0
24,76240,35,0,0
58,42864,9,2,0
52,33139,29,2,0
60,111718,5,1,0
64,48782,0,1,0
47,63925,5,0,0
56,108091,35,0,0
60,95378,9,2,1
35,90568,39,0,0
23,115819,38,1,1
33,35367,39,1,0
30,77118,15,1,1
59,51361,10,1,0
58,90610,6,1,1
46,87633,24,1,1
55,112312,16,1,1
27,104523,15,2,1
41,20010,27,1,0
39,25820,39,2,0
22,114825,33,0,0
45,110814,21,2,1
30,97283,36,0,0
59,32615,29,2,0
29,26346,13,0,0
24,42799,9,0,0
51,26351,1,0,0
39,67780,8,0,0
39,41496,34,2,0
48,24065,4,1,0
61,73736,38,2,1
46,57749,35,1,0
30,61711,11,1,1
30,80212,23,2,1
63,95124,17,0,0
54,71818,8,1,1
25,83588,37,1,1
39,81679,4,2,0
59,94901,1,0,0
56,93794,10,2,1
33,33018,27,2,0
61,51278,21,1,0
36,83270,37,1,1
46,52357,8,1,0
34,33280,1,1,0
23,98362,30,0,0
53,118596,29,1,1
31,49207,20,1,0
50,99243,38,2,1
41,91342,1,2,0
49,87601,10,0,0
51,104432,27,2,1
63,87376,31,2,1
58,104020,14,1,1
45,79734,38,1,1
32,94204,33,0,0
63,20031,6,0,0
59,40806,33,0,0
60,28213,29,2,0
50,107426,31,2,1
52,21655,22,0,0
49,30968,10,2,0
56,66511,21,2,1
36,52660,31,2,0
27,60125,17,1,1
27,36675,31,2,0
31,72880,8,2,1
39,118793,23,1,1
61,55642,19,2,0
19,53475,11,1,0
49,103759,17,0,0
32,34395,9,0,0
34,26441,2,0,0
43,116978,36,1,1
64,84360,37,0,0
51,97010,29,0,0
39,100643,13,1,1
37,117313,25,1,1
36,86876,16,1,1
18,117142,7,1,1
31,43899,9,2,0
28,93607,6,0,0
45,71289,5,1,0
46,64844,1,2,0
26,64863,37,2,1
51,23669,23,2,0
54,111140,30,0,0
43,27705,35,0,0
62,86667,19,0,0
60,103043,1,2,0
46,34680,16,2,0
25,107493,23,0,0
33,27389,3,2,0
18,23288,22,1,0
36,61297,36,2,1
57,103387,39,0,0
62,36337,28,2,0
18,81598,2,2,0
62,49270,19,1,0
27,21597,22,2,0
64,42682,31,2,0
52,87084,12,0,0
61,72289,24,0,0
23,47493,19,2,0
39,56967,39,2,0
34,39165,36,2,0
59,119165,18,1,1
29,75623,8,0,0
60,45287,3,0,0
50,48433,2,0,0
58,91780,1,1,0
54,43795,26,1,0
23,113963,39,1,1
46,39975,34,2,0
61,28677,23,2,0
47,46636,34,1,0
64,57211,36,2,0
60,25290,9,1,0
49,25482,4,2,0
25,97677,33,1,1
46,53903,6,2,0
32,45989,8,1,0
31,96407,15,2,1
37,53434,16,2,0
59,49076,21,1,0
31,22144,12,2,0
42,22357,34,2,0
21,104707,5,0,0
25,55896,24,2,0
60,94726,14,1,1
50,33137,28,1,0
51,53517,32,2,0
29,68747,30,1,1
45,111365,27,2,1
22,118150,37,0,0
56,51848,21,0,0
49,43019,24,0,0
48,99204,34,2,1
32,37792,20,1,0
62,88843,20,2,1
61,106265,39,0,0
30,45119,16,0,0
34,45129,16,0,0
44,107637,26,0,0
50,110280,23,2,1
61,41962,12,2,0
51,81629,2,2,0
26,46285,0,2,0
48,94032,4,2,0
51,114425,34,2,1
33,79672,11,2,1
40,115730,24,0,0
52,44470,17,0,0
30,31669,17,0,0
22,42331,8,2,0
62,22445,34,1,0
38,70565,29,1,1
61,61684,4,0,0
36,94866,17,2,1
39,41995,35,2,0
40,28585,27,1,0
36,58227,39,1,0
23,28778,21,0,0
57,112448,12,1,1
23,42729,11,2,0
23,82260,16,0,0
24,59152,30,2,0
49,29219,27,2,0
47,98539,15,1,1
34,69266,6,1,1
60,42285,11,1,0
64,36416,16,2,0
22,104975,5,2,0
64,42667,2,2,0
56,91249,28,1,1
31,70845,0,2,0
20,95035,18,0,0
30,72555,26,1,1
42,100739,28,2,1
45,34186,8,1,0
34,78456,38,1,1
64,39770,11,1,0
23,31057,32,0,0
58,56194,17,2,0
47,88371,26,2,1
27,52549,15,0,0
62,25198,32,1,0
57,97291,35,1,1
32,44791,17,0,0
24,114246,15,1,1
20,110725,38,1,1
55,49075,11,2,0
40,28573,12,1,0
64,98599,7,2,1
27,102183,15,0,0
53,52454,8,0,0
33,42831,14,2,0
38,64016,0,1,0
50,43387,29,2,0
53,36159,9,2,0
39,111603,4,1,0
24,33713,21,2,0
38,21292,32,0,0
18,48171,1,2,0
38,66820,22,0,0
51,58226,20,0,0
39,51283,26,2,0
20,75388,34,0,0
29,90670,13,2,1
29,61793,38,2,1
54,47566,32,1,0
26,103563,22,1,1
63,58096,11,1,0
61,90927,9,2,1
25,92170,16,2,1
25,70456,6,2,1
39,29771,14,1,0
37,107024,1,2,0
57,56370,20,1,0
40,83029,17,2,1
63,80415,12,1,1
53,24561,6,2,0
35,80419,14,2,1
51,42048,23,2,0
26,50146,12,2,0
33,27605,35,2,0
28,92946,23,1,1
36,89037,16,1,1
45,77990,19,2,1
35,37838,19,0,0
44,103123,35,2,1
57,36543,5,0,0
18,30384,20,0,0
26,97488,1,1,0
31,95789,7,0,0
42,31750,26,0,0
30,84413,29,0,0
52,62005,31,1,1
21,35799,16,0,0
50,103224,30,0,0
44,24123,8,0,0
35,93416,27,0,0
29,32051,17,2,0
19,100454,24,2,1
55,110794,32,1,1
55,26170,23,2,0
27,92105,21,2,1
45,105199,13,0,0
37,108342,35,2,1
61,117202,28,0,0
38,81524,2,2,0
20,30420,11,2,0
26,89503,37,0,0
38,87733,28,2,1
28,89866,15,0,0
50,27921,24,1,0
63,40208,12,0,0
20,94635,27,2,1
40,54437,5,2,0
21,48746,9,1,0
59,36512,32,1,0
46,92303,18,1,1
33,93683,11,0,0
63,84423,20,2,1
56,46698,11,0,0
27,73269,1,2,0
59,95209,14,2,1
59,107362,11,0,0
54,33893,6,2,0
58,28752,36,1,0
30,55019,10,2,0
52,105834,17,2,1
54,37463,6,1,0
40,105419,13,0,0
23,50061,4,2,0
33,40341,1,1,0
21,100407,9,0,0
55,100564,31,1,1
40,35653,14,2,0
64,56401,21,1,0
32,90534,9,0,0
54,82328,20,0,0
37,110865,20,1,1
62,93727,4,2,0
55,20076,9,0,0
64,70704,14,2,1
41,42821,20,2,0
23,35015,38,1,0
42,83489,9,2,1
29,110196,8,2,1
44,56303,34,1,0
52,66258,24,2,1
34,75518,31,2,1
59,76576,35,1,1
37,111539,34,0,0
52,48768,23,0,0
28,72621,25,1,1
22,70656,31,0,0
21,90275,32,0,0
22,44828,7,0,0
58,34563,17,1,0
25,57642,0,0,0
60,51674,35,1,0
20,29343,4,0,0
57,92253,30,0,0
28,36401,35,1,0
26,87798,12,2,1
47,81275,0,0,0
22,118572,9,0,0
18,87752,34,0,0
41,115425,32,2,1
38,89487,20,1,1
47,71131,18,2,1
49,101964,28,0,0
60,81016,8,1,1
40,115493,38,0,0
48,115011,8,2,1
18,53197,4,0,0
52,85591,19,1,1
38,108749,2,0,0
33,23209,24,0,0
38,96137,4,1,0
35,69697,12,2,1
28,107395,39,2,1
18,35307,9,2,0
18,68151,4,1,0
52,109085,26,0,0
53,66826,12,0,0
46,61796,38,2,1
59,82962,22,0,0
53,73047,25,1,1
39,41035,7,0,0
56,22802,38,2,0
63,40862,22,2,0
42,105955,27,2,1
40,109840,15,2,1
41,28338,25,0,0
46,61530,24,0,0
29,83252,20,1,1
29,26761,37,1,0
40,92983,19,0,0
46,82053,8,0,0
54,80369,13,0,0
20,95246,5,1,0
47,91933,36,0,0
57,108336,30,0,0
59,63832,35,1,1
60,27452,38,0,0
26,52606,23,0,0
56,45863,4,2,0
44,95882,2,2,0
35,118043,19,2,1
34,37103,17,2,0
25,66660,18,1,1
22,38474,10,2,0
64,86149,12,1,1
21,112682,33,1,1
41,43740,11,2,0
64,24675,20,0,0
46,68076,19,1,1
62,102639,19,2,1
54,93265,38,2,1
49,107016,19,0,0
58,67224,38,2,1
39,45620,30,1,0
18,62318,2,1,0
46,38708,22,0,0
25,115805,16,1,1
61,44872,6,1,0
44,109905,19,2,1
23,58901,31,0,0
30,93572,35,1,1
19,32934,34,1,0
39,94586,17,0,0
43,27306,13,1,0
43,90851,17,1,1
39,76125,31,0,0
56,104086,11,0,0
61,99755,7,0,0
55,81008,39,2,1
43,50675,15,2,0
22,47895,29,0,0
47,86528,15,0,0
40,21571,17,1,0
50,79774,4,2,0
40,93797,31,1,1
52,31179,14,1,0
28,90822,34,2,1
31,117597,21,2,1
53,106467,11,2,1
51,39483,0,2,0
56,61166,7,0,0
57,53336,20,1,0
34,90788,21,0,0
22,100691,13,1,1
41,95646,8,2,1
18,78146,19,0,0
36,72170,15,1,1
27,53492,17,1,0
24,119341,17,1,1
35,114386,38,2,1
20,81835,38,2,1
32,40340,23,1,0
64,97525,21,1,1
20,109403,5,2,0
49,89971,37,0,0
26,29770,35,1,0
31,106286,0,2,0
46,108800,12,1,1
59,34137,3,1,0
44,115981,29,2,1
57,31193,22,1,0
36,23994,12,1,0
38,24377,14,0,0
41,97590,25,1,1
46,75161,0,1,0
46,64041,39,2,1
33,102848,10,1,1
63,69079,8,0,0
51,22444,3,1,0
18,62464,18,0,0
19,67434,4,2,0
42,42463,29,1,0
57,66659,1,0,0
54,68669,0,1,0
60,103853,11,1,1
40,112857,18,0,0
61,87799,1,0,0
19,20291,29,2,0
38,20935,5,2,0
26,86408,6,2,1
41,90772,14,0,0
64,44898,14,0,0
45,93563,33,0,0
53,93459,11,2,1
32,74110,18,0,0
40,31956,11,1,0
43,38843,16,2,0
43,59376,6,2,0
64,98308,17,1,1
48,95557,7,1,1
60,97479,8,1,1
30,94093,14,0,0
64,73548,23,2,1
63,51731,20,2,0
41,68205,0,1,0
56,106251,3,2,0
42,67348,35,1,1
40,100379,16,0,0
45,33597,13,2,0
20,90796,3,1,0
36,37800,38,1,0
61,84121,4,0,0
55,57298,28,1,0
35,38823,24,0,0
35,69700,21,1,1
22,39589,5,2,0
43,112126,25,0,0
47,109787,7,1,1
29,91284,38,2,1
55,97890,39,0,0
49,95230,27,0,0
21,35904,15,1,0
48,37983,29,1,0
31,50846,33,0,0
23,93853,24,2,1
57,81142,20,2,1
18,22133,21,2,0
60,70702,25,2,1
62,73085,24,2,1
33,56554,28,1,0
54,85307,39,0,0
62,82231,0,1,0
31,33042,12,2,0
50,36880,1,0,0
50,66964,32,1,1
29,27413,38,1,0
61,58020,21,0,0
19,78558,10,1,1
50,52944,29,2,0
57,60706,18,2,1
24,90558,33,1,1
21,36317,8,1,0
56,73756,36,2,1
48,38286,14,1,0
22,54136,1,0,0
45,70320,19,2,1
58,47922,25,2,0
48,32605,12,2,0
44,93710,12,1,1
64,76194,30,0,0
59,49298,8,2,0
44,35051,4,1,0
45,66979,39,2,1
43,32979,14,0,0
20,83040,16,1,1
39,98707,31,2,1
62,102295,20,2,1
38,89271,14,2,1
28,81865,29,2,1
51,117996,30,1,1
55,26072,17,2,0
62,45354,32,2,0
36,62598,25,0,0
63,57322,37,2,0
35,109213,30,0,0
64,67503,26,1,1
35,40570,7,0,0
52,107617,10,2,1
26,95471,31,0,0
31,68592,9,1,1
23,58333,13,2,0
40,41342,2,2,0
58,94868,12,2,1
36,101519,21,0,0
19,98989,18,2,1
63,96908,32,2,1
50,99673,12,2,1
25,113439,9,1,1
22,67605,9,2,1
47,24212,13,2,0
30,22145,21,2,0
54,70023,25,1,1
18,56318,12,2,0
55,93458,6,0,0
20,28475,37,0,0
39,53186,22,1,0
40,97256,31,1,1
27,34705,15,0,0
48,72853,27,1,1
40,58800,21,2,0
41,113514,25,2,1
61,100912,22,0,0
28,41856,28,0,0
26,95922,23,2,1
29,35567,5,0,0
57,117618,28,2,1
21,39024,14,1,0
25,69528,39,1,1
34,70399,25,2,1
24,106504,36,1,1
25,75090,3,0,0
31,55215,9,1,0
34,98794,37,0,0
20,78926,38,2,1
57,67881,29,1,1
22,100733,24,2,1
20,74953,19,2,1
47,21745,28,0,0
55,95245,32,2,1
31,31392,24,1,0
42,119611,21,2,1
18,72148,31,0,0
39,111081,14,0,0
53,28302,1,1,0
61,27634,12,1,0
44,70979,36,2,1
47,43660,33,0,0
33,75854,38,1,1
22,93209,15,2,1
39,31442,29,0,0
64,94168,25,2,1
45,64611,20,0,0
62,25016,9,0,0
28,28698,26,0,0
45,98163,29,0,0
18,74020,4,2,0
39,53222,20,2,0
43,71400,0,1,0
63,24771,39,0,0
21,30769,31,0,0
23,116216,14,2,1
18,96891,10,2,1
63,52909,24,1,0
35,24693,27,2,0
28,114375,27,0,0
57,99572,10,2,1
41,86281,7,1,1
57,103197,38,2,1
20,63818,10,1,1
37,107413,7,1,1
40,58324,36,2,0
30,111783,7,0,0
42,58105,20,2,0
20,100938,18,0,0
25,76602,21,1,1
46,92319,10,2,1
55,84695,0,2,0
25,23309,14,2,0
59,61787,0,2,0
53,113363,8,2,1
50,57548,29,1,0
43,115565,23,1,1
59,70523,21,0,0
38,102646,2,0,0
23,118732,28,0,0
53,66096,28,2,1
33,113571,18,2,1
58,21951,31,0,0
22,40772,29,0,0
45,85760,18,2,1
26,21183,6,2,0
19,35009,7,1,0
38,48029,24,1,0
20,88025,11,1,1
64,58148,38,0,0
61,58417,19,1,0
31,78814,1,0,0
26,84421,33,2,1
39,20124,16,1,0
29,86094,22,1,1
18,46581,4,0,0
28,96269,10,1,1
59,110065,26,1,1
51,70062,4,2,0
45,24590,27,0,0
49,98313,7,0,0
29,61854,39,1,1
49,26846,15,1,0
54,89984,38,2,1
51,100006,26,0,0
27,39075,21,0,0
47,107963,14,2,1
32,55086,39,1,0
20,107673,11,0,0
27,23295,4,0,0
29,58917,32,0,0
19,39873,29,0,0
52,110639,14,1,1
35,76752,25,0,0
23,117554,28,2,1
56,45731,6,1,0
49,117097,19,2,1
32,51698,1,0,0
35,72087,26,0,0
40,119671,34,0,0
34,42887,37,0,0
23,64092,37,0,0
57,50596,18,1,0
38,109851,5,2,0
20,75133,34,2,1
40,61574,8,0,0
22,104966,25,1,1
64,59372,25,0,0
51,29672,25,1,0
57,72855,14,2,1
50,82742,35,1,1
42,58470,21,1,0
28,87468,17,2,1
34,81115,6,0,0
59,55459,34,0,0
50,78134,37,2,1
61,57886,0,0,0
37,85846,4,2,0
36,23089,17,2,0
62,27456,16,1,0
36,70718,28,1,1
18,109330,31,2,1
30,69771,30,2,1
63,68699,27,2,1
39,116535,39,2,1
34,70512,16,2,1
64,69330,22,0,0
45,26243,23,1,0
36,109727,37,0,0
33,56935,9,2,0
60,88413,13,1,1
46,59179,19,2,0
37,43142,25,1,0
28,51124,14,1,0
62,91310,22,0,0
61,75471,6,2,1
43,55611,29,2,0
18,78064,26,0,0
42,57294,16,1,0
50,62903,17,1,1
57,73884,35,1,1
32,44599,16,0,0
55,116514,39,0,0
57,32021,29,2,0
32,29556,18,2,0
45,36009,29,2,0
20,108290,8,1,1
35,77289,21,2,1
19,94354,15,1,1
64,52744,0,1,0
20,76012,16,2,1
48,54840,6,1,0
27,91657,19,0,0
41,45986,37,0,0
22,83946,17,0,0
63,62355,4,2,0
62,67441,7,1,1
54,20014,1,1,0
48,46754,28,2,0
34,78159,16,1,1
23,40676,27,1,0
57,29197,26,2,0
63,76728,10,2,1
19,42095,3,1,0
44,108335,28,1,1
50,119126,13,1,1
31,103755,26,1,1
29,96703,5,0,0
57,48475,11,0,0
29,64338,14,0,0
51,34114,39,0,0
55,66488,18,1,1
42,90359,36,2,1
44,21893,18,2,0
38,118409,16,2,1
50,95200,34,2,1
56,79853,30,2,1
46,42819,17,2,0
36,115651,22,2,1
19,102375,17,1,1
62,62277,10,2,1
28,106256,28,1,1
28,80386,16,2,1
58,26628,36,0,0
20,79147,32,0,0
49,50071,27,1,0
57,64517,31,0,0
49,61258,26,2,1
33,27497,31,1,0
63,43981,14,1,0
24,89383,20,2,1
38,71069,23,1,1
40,59291,14,0,0
26,23395,19,1,0
35,74580,26,2,1
49,73086,27,2,1
25,108732,26,2,1
60,57568,17,1,0
27,115070,24,1,1
45,118096,27,1,1
55,29242,31,1,0
49,85773,1,2,0
26,75907,7,0,0
56,76024,0,2,0
64,47372,15,1,0
18,96889,0,0,0
49,104195,2,2,0
41,25343,16,1,0
50,117127,20,0,0
25,74777,21,2,1
18,59738,27,1,0
48,26858,30,2,0
45,53332,8,0,0
53,88740,11,1,1
38,46463,21,1,0
18,93130,18,0,0
58,64997,37,2,1
20,30341,10,2,0
24,36931,8,0,0
52,107710,30,0,0
31,23668,17,0,0
63,24012,15,2,0
46,111427,39,1,1
22,111936,19,2,1
38,118502,34,2,1
35,108889,33,2,1
57,24046,36,1,0
40,56976,22,2,0
36,43738,1,0,0
49,89059,3,1,0
41,53002,26,2,0
32,59641,1,2,0
34,67788,36,0,0
35,30081,37,1,0
25,74474,26,1,1
25,111774,17,1,1
53,32746,37,1,0
18,42639,24,1,0
39,80423,37,0,0
47,36554,30,0,0
48,49697,6,0,0
27,25103,26,2,0
63,63438,19,1,1
27,103779,27,0,0
19,118801,13,0,0
38,117988,11,0,0
34,105600,27,0,0
33,81112,0,0,0
64,71989,38,0,0
60,108185,10,1,1
44,109723,38,2,1
53,86903,3,2,0
20,72358,16,1,1
37,67680,8,1,1
23,31860,38,0,0
31,85341,20,1,1
20,56954,30,2,0
50,114673,12,2,1
58,59206,37,1,0
56,51850,17,2,0
49,92756,34,2,1
29,84835,15,2,1
40,115359,22,2,1
18,89894,35,2,1
39,101602,19,1,1
61,54403,31,0,0
19,24999,25,1,0
32,50203,34,2,0
36,84781,14,0,0
53,43480,16,1,0
28,26695,9,2,0
52,114951,29,1,1
24,75707,22,0,0
28,107189,18,2,1
64,69634,16,1,1
44,98450,39,1,1
64,117083,29,0,0
32,111159,9,0,0
25,112185,27,0,0
47,119138,27,1,1
48,48173,34,1,0
60,109356,21,0,0
63,60770,11,1,1
42,24635,30,0,0
62,44915,1,1,0
26,23891,16,1,0
43,83244,16,1,1
49,26970,15,0,0
59,84479,8,2,1
60,78176,27,2,1
42,79583,12,1,1
32,75720,24,1,1
53,30472,25,1,0
33,77876,2,1,0
28,88436,28,0,0
51,79829,2,0,0
28,58811,23,1,0
60,73841,0,0,0
45,90433,30,1,1
62,77838,25,0,0
47,66522,18,1,1
49,72872,5,0,0
26,25981,24,2,0
61,117966,31,0,0
26,83568,29,1,1
41,109551,18,0,0
54,55508,14,1,0
34,31117,37,2,0
23,40061,14,0,0
49,60557,35,1,1
60,69042,34,2,1
30,110248,17,2,1
62,116642,7,1,1
37,107729,23,2,1
21,76128,1,1,0
30,92152,17,1,1
56,92900,22,0,0
30,110521,11,2,1
52,34024,37,2,0
23,107897,32,0,0
34,103982,19,0,0
53,114169,9,0,0
22,119755,35,0,0
44,75206,21,1,1
63,118908,8,1,1
35,96828,35,0,0
58,47730,31,0,0
39,33946,16,1,0
22,118734,27,1,1
36,38721,11,2,0
51,67281,4,0,0
21,21353,26,2,0
32,92584,19,0,0
21,40936,31,1,0
24,90558,15,2,1
40,89078,34,2,1
47,104791,6,1,1
25,110060,13,2,1
19,25877,4,1,0
31,95641,34,0,0
37,79774,12,2,1
56,88449,0,0,0
22,42629,0,2,0
34,45026,38,1,0
54,30140,5,1,0
29,20862,29,2,0
37,60102,30,1,1
26,37870,39,1,0
52,113674,38,2,1
33,115053,4,0,0
58,62186,33,0,0
44,25945,6,0,0
21,39592,20,0,0
43,57443,8,1,0
46,92618,21,0,0
20,64360,34,1,1
51,68428,9,0,0
59,56781,16,1,0
61,103388,13,2,1
48,44606,10,2,0
40,100180,37,0,0
43,35730,10,1,0
59,60533,39,2,1
40,49658,39,2,0
61,84522,19,0,0
25,105522,2,2,0
42,43860,20,1,0
49,116770,35,1,1
28,20819,33,1,0
33,76657,20,2,1
49,88163,9,1,1
43,73737,38,2,1
40,71317,31,1,1
54,83795,1,2,0
40,78847,12,2,1
49,103652,29,2,1
48,35940,32,1,0
22,114793,16,0,0
23,82335,2,2,0
46,65393,20,0,0
54,67851,34,2,1
33,76809,32,2,1
34,91090,36,0,0
63,98618,25,2,1
39,25772,24,1,0
20,82092,24,1,1
39,30465,3,1,0
47,73439,38,0,0
22,46109,26,2,0
64,41262,29,0,0
39,89134,32,0,0
63,24785,38,1,0
25,21979,29,0,0
38,34344,13,1,0
38,79214,2,0,0
38,40310,18,2,0
64,96587,33,2,1
32,20776,25,0,0
20,73984,12,1,1
26,112269,25,2,1
25,96988,26,0,0
40,59242,38,1,0
56,65233,4,1,0
31,49852,32,1,0
31,56907,16,2,0
42,31933,24,0,0
32,51063,32,1,0
34,29998,18,2,0
24,38602,26,1,0
46,114990,1,1,0
56,107906,37,0,0
22,111166,13,2,1
64,50465,0,2,0
57,67639,0,0,0
60,70674,20,1,1
21,77338,5,2,0
37,34319,38,2,0
29,45389,12,0,0
48,111952,24,0,0
54,77805,32,1,1
34,119151,19,1,1
20,116396,21,2,1
28,119843,1,1,0
26,83802,29,2,1
63,32331,30,0,0
58,82290,13,0,0
20,94302,31,2,1
61,110328,35,2,1
49,26280,23,2,0
23,62563,33,1,1
24,57384,34,2,0
26,104224,21,0,0
50,108936,23,1,1
57,45443,20,0,0
37,98493,6,0,0
57,71812,39,2,1
42,30248,4,0,0
61,106454,18,2,1
55,32445,16,2,0
39,49849,23,1,0
51,109971,13,2,1
47,89613,13,0,0
28,103007,3,1,0
37,79454,28,0,0
43,81100,31,0,0
39,87681,18,0,0
45,30356,9,2,0
38,44531,8,0,0
64,90341,36,2,1
41,21325,6,1,0
21,94510,37,0,0
44,49056,8,2,0
59,96108,27,1,1
40,43293,12,2,0
56,49309,29,2,0
47,105795,31,0,0
44,39998,27,1,0
48,98712,5,1,0
39,72989,5,1,0
27,24911,7,0,0
45,119099,28,0,0
20,28059,26,1,0
57,21405,10,2,0
41,30330,5,0,0
29,99743,31,1,1
53,107269,34,1,1
64,103292,16,1,1
36,114961,18,2,1
49,119072,38,1,1
50,34923,2,0,0
33,39973,27,2,0
62,91027,13,0,0
60,116164,35,1,1
54,69376,0,0,0
48,27143,0,0,0
33,47635,8,0,0
33,24973,25,2,0
29,62094,20,1,1
27,94630,39,0,0
53,75808,38,2,1
34,90651,19,1,1
50,117856,6,1,1
30,33977,2,1,0
32,76569,3,1,0
29,103608,14,0,0
47,105634,17,1,1
53,35584,9,1,0
36,90556,32,2,1
34,71791,5,2,0
63,87653,19,1,1
39,27474,4,0,0
43,114647,34,0,0
52,111956,37,1,1
28,34595,9,0,0
45,55937,14,2,0
35,109699,22,2,1
25,96876,2,2,0
40,22837,12,1,0
56,108217,3,2,0
45,97113,30,0,0
21,30303,24,0,0
31,92326,35,0,0
27,89919,37,0,0
43,77097,18,2,1
32,23969,17,2,0
31,71679,4,2,0
59,73259,24,2,1
26,47971,35,2,0
58,112931,26,2,1
56,96084,28,1,1
38,57383,34,0,0
48,68353,23,1,1
57,84814,3,2,0
38,53988,14,2,0
58,98749,39,0,0
34,81762,18,2,1
50,20564,5,0,0
43,105182,10,0,0
21,114748,21,1,1
39,78874,0,0,0
23,54027,5,2,0
51,42739,6,2,0
26,89339,10,1,1
47,65712,23,1,1
31,93740,16,2,1
64,50740,35,2,0
57,55150,11,1,0
61,27597,31,1,0
56,67762,10,1,1
47,92233,25,1,1
51,73518,37,0,0
30,50637,31,1,0
58,64961,26,1,1
29,20435,20,1,0
19,106052,15,2,1
39,98027,36,2,1
45,89647,6,1,1
59,85789,22,2,1
46,105050,18,1,1
51,76484,24,1,1
19,28503,28,1,0
30,25699,33,2,0
43,64325,36,2,1
24,28549,38,0,0
53,32701,6,2,0
28,35683,13,0,0
63,34420,5,2,0
43,119402,18,1,1
37,81539,23,0,0
40,53583,18,0,0
35,81974,14,2,1
56,87144,5,1,0
47,51679,31,0,0
50,42709,38,0,0
24,41350,3,1,0
34,28679,39,2,0
31,28899,27,2,0
32,38077,29,1,0
19,64799,33,1,1
48,53240,11,1,0
35,82943,27,2,1
52,30516,28,1,0
51,104759,14,1,1
18,72407,31,0,0
37,23749,16,1,0
60,96477,0,0,0
46,102520,27,0,0
23,20793,1,1,0
38,38282,24,0,0
37,50923,12,0,0
58,25838,3,0,0
19,54816,17,2,0
63,109687,39,1,1
33,52613,27,0,0
33,101111,2,2,0
35,42662,19,2,0
27,69668,7,1,1
43,58278,9,1,0
51,48584,30,0,0
20,91141,14,2,1
56,63637,1,0,0
18,36037,11,0,0
46,20821,29,1,0
18,108388,9,1,1
26,40027,29,2,0
24,45645,38,1,0
46,93744,31,1,1
46,40613,30,0,0
50,105462,7,0,0
35,116547,33,0,0
39,58128,32,2,0
51,112440,16,1,1
25,49877,18,0,0
22,80892,18,0,0
23,100089,1,2,0
55,102457,2,0,0
48,102955,30,2,1
47,37856,9,2,0
51,59053,28,0,0
23,86365,23,1,1
42,102623,19,0,0
18,58369,33,0,0
57,88232,25,2,1
34,65947,10,0,0
34,39136,38,0,0
30,72544,13,0,0
40,44379,21,0,0
21,45390,15,0,0
38,49821,16,0,0
22,41015,38,0,0
24,55809,20,0,0
55,104464,19,0,0
32,93524,5,0,0
24,38925,29,0,0
25,25140,4,2,0
24,34734,26,1,0
55,96890,27,2,1
51,87312,9,0,0
64,90426,22,1,1
29,36784,27,2,0
42,35799,36,2,0
33,39928,23,1,0
63,80446,3,2,0
61,80695,34,1,1
33,45903,14,1,0
33,117485,26,1,1
19,107711,18,1,1
25,94934,18,2,1
51,39123,31,0,0
47,102382,15,2,1
44,86270,23,2,1
45,30034,24,0,0
64,34908,13,2,0
32,75077,23,1,1
21,89197,33,1,1
45,50399,37,2,0
34,80790,11,2,1
58,104701,37,1,1
30,38761,39,0,0
34,33186,34,2,0
25,52648,2,1,0
55,54439,14,0,0
25,76970,5,0,0
31,80632,32,1,1
29,117972,36,0,0
36,45587,29,0,0
27,49875,27,0,0
62,88987,36,2,1
27,33591,9,1,0
20,35655,18,0,0
51,30577,18,1,0
22,27582,28,2,0
20,107578,36,0,0
48,95195,31,0,0
42,114624,17,0,0
23,29388,38,2,0
20,103942,36,0,0
26,57135,0,0,0
20,90016,2,0,0
42,66482,35,2,1
42,101591,7,1,1
64,62358,18,2,1
56,117741,34,1,1
28,50302,8,0,0
43,75239,25,0,0
25,98225,2,2,0
41,57441,21,1,0
37,60142,20,1,1
20,92965,10,0,0
27,33350,28,1,0
55,66011,8,2,1
61,117409,10,2,1
39,63555,7,0,0
26,73505,19,0,0
49,66095,23,0,0
45,99659,3,1,0
20,99666,18,2,1
39,71134,10,0,0
42,95129,38,0,0
21,43698,28,0,0
40,60853,29,2,1
47,41370,36,1,0
59,110210,3,0,0
53,54634,5,0,0
43,28902,39,1,0
48,113705,5,0,0
26,27075,16,0,0
40,90924,10,0,0
24,36610,24,2,0
23,70438,18,0,0
41,48581,27,0,0
50,41066,38,0,0
61,113601,20,2,1
63,113506,0,0,0
49,34833,1,1,0
60,42040,39,1,0
22,45345,33,1,0
34,105724,28,1,1
20,45079,26,0,0
23,73236,34,0,0
40,79212,19,1,1
47,86400,15,1,1
42,77812,3,1,0
38,65395,20,2,1
38,112501,32,0,0
36,64475,5,1,0
19,74009,5,2,0
32,49092,26,1,0
42,117709,1,2,0
23,113715,22,1,1
59,22414,19,0,0
50,81780,8,0,0
22,42007,6,0,0
38,87639,14,0,0
49,23574,14,1,0
62,42290,37,1,0
64,21286,26,1,0
50,118545,3,0,0
47,40425,20,0,0
28,79666,28,2,1
45,55585,8,1,0
41,64332,8,1,1
28,106955,25,0,0
35,113300,6,2,1
58,66229,33,1,1
39,87855,8,1,1
56,96434,7,0,0
26,22356,19,1,0
28,53318,36,1,0
21,75365,39,2,1
48,60909,29,1,1
20,116170,29,1,1
18,44394,0,0,0
55,49976,8,0,0
56,29999,30,2,0
54,21382,8,1,0
39,85607,11,0,0
51,22355,37,2,0
41,24538,25,2,0
23,96706,13,1,1
37,115539,36,1,1
58,82269,14,1,1
20,44809,18,0,0
44,62935,25,1,1
23,101942,15,2,1
29,48547,2,0,0
56,69302,27,2,1
51,33098,8,0,0
64,32496,3,0,0
38,103551,14,1,1
21,38572,0,1,0
22,20918,13,1,0
24,34308,34,1,0
41,89276,7,1,1
33,96227,5,0,0
47,87582,35,1,1
54,34554,13,2,0
25,96594,37,1,1
56,40272,1,2,0
63,59398,34,0,0
61,83431,1,2,0
24,39981,23,2,0
29,68501,26,1,1
23,93748,28,2,1
42,106308,15,0,0
47,50310,3,2,0
28,26483,1,2,0
47,58470,39,0,0
60,52958,25,2,0
54,81394,34,2,1
43,117732,21,0,0
28,67263,19,1,1
40,90732,12,2,1
34,104500,23,2,1
34,43528,36,1,0
52,28571,17,1,0
34,102388,37,0,0
30,112894,30,0,0
21,43784,13,1,0
44,86034,2,0,0
46,84396,24,2,1
55,63902,33,1,1
43,84960,3,2,0
53,100020,15,2,1
40,109869,1,1,0
26,46105,37,0,0
19,53054,21,0,0
49,119028,0,0,0
59,113704,13,2,1
64,61851,17,1,1
48,39630,34,2,0
46,89507,3,2,0
22,89412,2,0,0
53,98249,33,1,1
45,51769,25,2,0
54,105338,17,2,1
57,102740,2,2,0
44,30228,24,0,0
27,80761,8,0,0
44,69123,39,1,1
47,84569,4,2,0
60,40510,15,1,0
37,63453,28,1,1
22,72055,4,1,0
55,88266,24,1,1
46,71397,33,2,1
59,65204,23,1,1
33,46058,8,2,0
46,88133,2,1,0
33,103395,14,2,1
64,88676,26,1,1
42,78710,15,1,1
47,74685,15,2,1
19,113177,32,2,1
37,116017,38,0,0
59,107494,28,2,1
64,93680,24,1,1
50,22453,13,1,0
36,23824,6,2,0
21,96627,16,0,0
50,52727,17,1,0
42,28201,4,1,0
53,119277,23,2,1
18,23412,28,2,0
33,75691,34,2,1
42,30848,2,1,0
52,25984,14,2,0
28,55006,26,2,0
41,51907,23,2,0
52,48634,39,1,0
38,47471,19,0,0
21,64817,16,2,1
62,41486,37,2,0
31,96331,27,0,0
44,75194,39,0,0
50,42280,22,1,0
33,41408,24,2,0
61,26385,18,0,0
19,81277,11,0,0
50,28268,26,2,0
19,82346,16,0,0
40,84330,0,0,0
19,87757,17,2,1
39,90988,30,2,1
59,30829,0,0,0
54,71561,3,2,0
32,113308,22,0,0
26,66011,24,2,1
46,43786,5,1,0
37,76344,10,0,0
21,50358,4,2,0
27,64292,2,2,0
44,88162,29,0,0
41,97900,36,0,0
61,69084,17,1,1
19,90716,1,0,0
41,118426,15,1,1
45,44646,14,2,0
64,115920,36,2,1
63,112279,4,1,0
60,28854,6,1,0
36,78360,32,1,1
45,105218,4,2,0
28,85368,19,1,1
49,109096,1,0,0
38,69795,29,0,0
21,76333,9,1,1
58,30839,31,2,0
57,86364,33,0,0
44,25246,34,1,0
50,110661,27,0,0
57,103947,20,1,1
31,53130,14,0,0
25,32610,23,0,0
44,96776,25,0,0
64,57359,11,2,0
42,114110,9,1,1
45,85930,23,1,1
35,27315,3,1,0
47,26333,19,2,0
47,40074,27,2,0
39,29078,23,2,0
29,72544,0,0,0
52,79064,13,2,1
24,69742,21,2,1
23,118029,6,0,0
27,64464,21,2,1
28,80312,22,2,1
31,98380,17,1,1
19,60887,5,1,0
53,45209,3,2,0
23,79960,2,0,0
22,56737,9,2,0
29,24629,29,0,0
36,92568,11,2,1
27,34253,0,1,0
22,35300,1,2,0
45,114467,16,1,1
43,78088,8,1,1
20,51150,23,1,0
57,38469,24,0,0
59,48352,0,2,0
34,104753,4,2,0
19,35653,1,2,0
62,92011,25,2,1
52,76550,35,2,1
48,32843,9,2,0
23,76598,4,0,0
64,99184,6,1,1
56,48989,8,0,0
44,96261,4,2,0
29,30142,23,2,0
21,41444,17,0,0
51,67524,3,1,0
42,44578,11,0,0
32,77200,6,0,0
35,55020,18,0,0
50,111968,3,1,0
19,86681,26,0,0
54,98691,5,0,0
42,35865,31,1,0
43,96130,33,2,1
38,35208,26,1,0
39,72726,1,2,0
39,29136,18,0,0
32,81172,27,2,1
44,113196,33,0,0
31,115172,39,2,1
46,88987,17,1,1
18,22487,35,2,0
29,49449,22,0,0
19,47749,31,2,0
55,33639,25,0,0
26,97647,17,2,1
59,74184,23,2,1
53,46134,4,2,0
43,100297,7,1,1
28,118291,39,0,0
42,22860,21,2,0
50,34963,6,1,0
23,99456,18,1,1
28,72109,22,0,0
22,77638,25,1,1
18,49332,20,1,0
36,39264,33,1,0
42,109907,8,0,0
56,61749,1,2,0
18,94749,36,0,0
18,45327,25,1,0
43,38271,17,1,0
27,99843,0,2,0
55,88841,13,1,1
44,100463,7,1,1
62,52800,30,0,0
52,68371,3,2,0
27,50151,4,0,0
37,116095,31,2,1
55,78602,0,1,0
34,45796,12,0,0
39,86134,29,2,1
48,38263,8,0,0
61,70888,17,1,1
23,44334,27,1,0
45,91277,10,0,0
56,41983,16,1,0
23,25567,29,1,0
31,37877,19,2,0
21,58749,22,0,0
37,113696,21,2,1
62,90416,27,1,1
27,29332,22,1,0
28,109422,2,0,0
61,108410,14,1,1
56,52987,10,2,0
43,76855,8,0,0
54,33287,39,2,0
25,91508,24,0,0
62,73483,19,2,1
20,66167,28,0,0
46,104182,19,1,1
57,118250,5,0,0
30,47268,6,1,0
34,102588,25,2,1
48,118590,7,0,0
44,89639,21,2,1
26,67617,21,1,1
36,100405,38,1,1
52,27787,28,1,0
34,52801,34,2,0
41,102803,14,1,1
41,103572,9,1,1
21,65996,39,1,1
39,34404,1,0,0
46,87856,25,1,1
35,46711,9,0,0
38,66180,2,2,0
59,116977,2,2,0
63,86558,31,1,1
23,37053,7,2,0
37,96268,6,2,1
50,24671,21,1,0
52,57345,7,0,0
57,80795,36,0,0
63,118460,16,0,0
53,67916,14,0,0
46,117328,3,1,0
32,82371,34,1,1
28,83946,24,1,1
22,27624,30,0,0
25,105042,18,2,1
59,84512,24,0,0
18,44150,39,2,0
43,74782,4,2,0
20,118791,33,1,1
35,45999,14,2,0
46,81935,30,2,1
46,47949,8,2,0
35,102334,16,0,0
44,24235,11,1,0
43,91494,17,1,1
44,98247,12,1,1
36,91445,5,0,0
57,88776,16,1,1
20,60657,8,2,1
61,65967,16,2,1
18,93132,32,2,1
60,60064,11,1,1
34,44199,9,2,0
61,31340,0,2,0
18,54273,2,2,0
42,67277,39,1,1
36,36880,24,1,0
34,73868,4,2,0
62,111632,20,2,1
18,80464,16,2,1
24,92559,16,0,0
48,41147,28,1,0
37,51098,23,1,0
55,84542,21,2,1
25,74451,27,1,1
60,67052,11,0,0
46,40941,10,2,0
45,80254,33,2,1
33,36760,22,0,0
29,116113,14,0,0
49,90216,38,0,0
56,23006,37,1,0
43,33845,25,1,0
53,113221,21,2,1
40,56636,37,0,0
35,114568,6,2,1
21,109476,29,1,1
43,72292,39,0,0
24,89618,25,0,0
24,102589,38,0,0
24,112352,2,0,0
30,86272,7,0,0
47,43668,7,2,0
40,61972,36,2,1
39,32930,19,0,0
28,56642,20,1,0
28,35053,4,1,0
21,109557,30,1,1
35,37403,37,2,0
54,101519,20,0,0
39,69414,24,2,1
49,30080,28,2,0
58,75110,8,1,1
43,76635,4,0,0
31,119478,7,1,1
27,86303,28,0,0
34,28431,24,2,0
27,100752,27,2,1
37,111236,12,0,0
31,97735,10,0,0
51,31648,32,1,0
48,32107,6,1,0
35,26110,27,0,0
28,72710,2,1,0
39,108699,30,1,1
18,84738,31,1,1
26,99351,21,2,1
53,26330,3,0,0
51,49476,18,1,0
44,28036,16,0,0
52,105239,23,0,0
59,112855,11,0,0
58,113050,29,2,1
55,51710,12,0,0
36,37640,22,2,0
36,113847,16,1,1
37,41019,32,0,0
61,28269,26,2,0
54,74959,29,0,0
42,86807,14,0,0
49,108673,10,0,0
18,94162,35,2,1
55,48734,33,1,0
33,71550,21,1,1
56,68950,21,2,1
52,28453,20,1,0
23,51638,8,1,0
58,28853,13,2,0
58,46304,12,2,0
63,107076,33,0,0
47,91861,14,0,0
28,102586,12,1,1
47,83407,21,2,1
54,107586,39,1,1
48,114258,11,0,0
63,21255,25,0,0
48,53046,31,0,0
28,109465,35,2,1
21,24492,19,1,0
63,34827,3,2,0
63,100925,1,2,0
44,78619,11,1,1
23,48658,21,1,0
35,46802,26,2,0
61,87163,26,1,1
46,105107,1,0,0
22,81874,25,0,0
47,26404,22,2,0
18,95924,14,2,1
40,67493,38,1,1
64,118603,11,2,1
56,24770,18,0,0
35,87591,24,2,1
20,114000,16,0,0
19,100080,24,1,1
58,52473,32,2,0
19,109998,20,0,0
55,97495,1,0,0
22,83999,25,0,0
53,99719,31,2,1
53,59168,27,1,0
38,42890,8,2,0
49,96846,9,0,0
42,97875,17,1,1
19,116489,28,2,1
61,50235,8,0,0
61,59580,24,2,0
25,85382,7,2,1
43,65700,12,1,1
24,42482,39,1,0
64,79856,34,0,0
59,107389,33,0,0
22,53385,14,0,0
18,63794,16,2,1
48,88101,30,0,0
36,72387,15,0,0
18,53560,34,2,0
29,105365,3,0,0
38,74933,22,1,1
57,95045,25,2,1
45,72956,19,1,1
51,42227,31,2,0
20,57392,34,2,0
48,63579,20,2,1
53,62058,8,2,1
49,100605,35,2,1
22,24396,21,2,0
26,105343,31,2,1
37,119617,36,2,1
19,103419,21,0,0
48,47457,37,2,0
22,118571,5,0,0
24,113251,2,0,0
48,53655,33,2,0
25,80400,10,0,0
61,88480,8,0,0
45,107429,28,2,1
44,41397,25,2,0
27,34933,11,1,0
46,55400,19,0,0
58,39804,8,2,0
60,119565,31,2,1
56,44353,37,1,0
26,40989,21,0,0
54,53406,21,1,0
28,44975,29,1,0
48,56615,31,2,0
39,116029,26,2,1
49,87488,25,1,1
43,110530,17,0,0
23,36725,14,2,0
48,20589,30,1,0
63,75392,25,1,1
61,54583,17,0,0
49,41949,31,1,0
46,112646,12,2,1
37,47769,6,2,0
52,73613,13,2,1
47,38589,17,2,0
41,62283,37,2,1
41,36685,13,1,0
41,20356,19,0,0
59,29065,12,0,0
20,22665,31,2,0
36,109481,34,2,1
31,76889,20,2,1
24,41252,9,2,0
26,118686,37,0,0
34,112192,10,1,1
24,95786,13,2,1
44,93645,0,0,0
42,50377,25,2,0
55,40507,3,2,0
30,101416,6,1,1
19,21481,14,0,0
26,62121,23,1,1
26,36864,24,2,0
56,62506,31,1,1
59,98870,13,0,0
23,41457,16,2,0
63,31180,11,0,0
50,86935,23,1,1
42,109709,24,0,0
39,51865,3,0,0
28,48295,4,1,0
50,96188,22,0,0
63,57933,1,1,0
36,102628,10,2,1
56,61641,36,0,0
43,55922,7,2,0
28,87165,8,1,1
37,113801,19,1,1
41,62570,9,0,0
24,88066,2,2,0
34,48332,3,0,0
26,40646,37,0,0
31,114411,9,1,1
25,49260,37,0,0
58,55699,36,1,0
35,38235,7,0,0
20,78862,34,2,1
18,61771,20,2,1
23,116555,36,1,1
27,54461,20,2,0
54,20254,31,2,0
33,28106,12,0,0
51,38521,5,2,0
63,62300,20,0,0
64,21050,17,2,0
62,102982,18,2,1
62,93846,26,0,0
33,41938,0,1,0
36,30119,0,2,0
18,107685,4,2,0
25,92767,14,0,0
33,27250,3,2,0
20,76463,6,1,1
59,86101,12,2,1
19,83430,20,2,1
38,63055,21,0,0
32,69577,31,0,0
56,110037,30,0,0
31,74539,33,1,1
49,54535,31,1,0
47,67416,1,2,0
44,119773,19,0,0
61,52538,11,0,0
63,96622,29,1,1
21,48775,30,1,0
25,68940,2,1,0
31,76731,6,0,0
36,79637,13,1,1
40,66693,34,2,1
52,108661,31,2,1
56,72770,38,1,1
23,87444,27,0,0
38,82786,11,2,1
57,54947,7,0,0
21,117256,26,2,1
31,92472,4,0,0
32,75891,20,1,1
37,34191,28,1,0
57,82879,3,1,0
61,110953,5,1,0
63,82886,9,2,1
56,64582,3,0,0
47,48198,16,2,0
34,35152,36,0,0
25,56644,8,2,0
52,40048,4,2,0
33,60309,5,1,0
50,119258,23,2,1
59,110749,37,1,1
38,48588,31,0,0
29,117724,22,2,1
57,97026,2,2,0
50,67530,19,0,0
52,42132,8,2,0
35,95102,15,0,0
22,72389,8,2,1
27,111696,6,1,1
64,41423,12,1,0
59,65819,1,1,0
32,36401,34,2,0
30,65542,36,2,1
18,40743,5,1,0
50,107877,30,2,1
56,76392,21,2,1
28,52237,25,0,0
56,69416,22,0,0
55,49527,20,2,0
45,20931,16,2,0
28,29206,8,2,0
51,36651,13,1,0
45,93075,38,0,0
31,32209,1,1,0
58,80500,11,0,0
27,89029,8,2,1
55,86552,1,0,0
43,85524,17,2,1
48,43157,2,0,0
39,34941,32,0,0
48,44473,5,2,0
44,42179,36,1,0
42,71995,35,1,1
61,79610,36,2,1
41,58803,35,0,0
34,113525,1,2,0
23,119571,1,1,0
64,33921,38,1,0
33,97643,25,0,0
50,50605,23,1,0
30,106058,5,0,0
59,70977,36,0,0
27,112061,20,1,1
38,24450,18,2,0
56,63488,34,2,1
19,115438,35,2,1
61,26666,15,0,0
28,26958,26,1,0
31,65373,30,0,0
19,20087,21,0,0
30,102489,14,0,0
28,30295,34,0,0
28,81871,1,2,0
28,109732,3,0,0
62,34070,20,0,0
57,56511,0,0,0
59,67500,12,1,1
59,81114,20,2,1
21,86792,12,2,1
61,82437,39,2,1
27,32259,17,0,0
42,113209,25,2,1
55,95800,7,2,1
32,114388,6,2,1
52,45963,18,0,0
49,38158,12,0,0
28,67569,37,1,1
52,29723,31,0,0
64,105966,23,0,0
34,39207,31,0,0
25,109160,26,2,1
53,98084,35,0,0
38,85195,26,2,1
53,21129,36,1,0
40,81909,17,2,1
18,66190,33,2,1
40,31186,35,1,0
36,102539,13,2,1
46,30971,34,1,0
35,31015,6,0,0
33,53048,33,2,0
49,85127,18,0,0
53,76170,20,1,1
45,20022,36,1,0
35,118187,36,0,0
27,23391,28,1,0
20,68499,19,0,0
27,56900,0,1,0
20,72009,11,2,1
46,38234,39,1,0
24,78951,23,1,1
58,85542,38,0,0
52,83047,14,0,0
19,24356,17,0,0
46,37638,38,0,0
62,29554,36,1,0
42,107065,36,1,1
51,29984,17,2,0
61,85355,11,0,0
40,66572,38,0,0
19,39026,1,2,0
47,114520,20,2,1
60,78810,2,1,0
24,69417,22,2,1
52,24639,10,0,0
52,76525,10,1,1
56,38461,39,1,0
48,29556,16,0,0
63,27698,7,1,0
43,66997,2,1,0
41,61761,26,1,1
55,56736,8,1,0
57,46948,3,1,0
52,28552,34,1,0
26,46751,39,0,0
26,77878,25,0,0
53,110341,39,1,1
29,62478,1,1,0
61,83967,4,0,0
28,58117,3,0,0
39,27761,7,1,0
43,109420,0,1,0
58,77086,20,2,1
63,112266,9,0,0
27,52596,31,2,0
50,72384,9,0,0
29,103301,38,1,1
60,115272,7,2,1
56,47681,22,0,0
50,100039,9,2,1
58,60650,17,1,1
28,93589,23,2,1
49,96430,18,2,1
27,39776,38,2,0
28,70597,38,1,1
22,79260,34,2,1
40,99535,33,0,0
38,53734,24,1,0
59,59535,38,0,0
35,54556,32,2,0
42,39621,34,0,0
37,33036,21,2,0
47,60443,0,2,0
58,119898,22,1,1
59,111041,2,0,0
30,76313,29,2,1
41,115023,4,0,0
62,50268,13,0,0
52,59965,13,0,0
58,102293,18,1,1
58,81299,2,0,0
40,96716,4,0,0
24,92754,5,1,0
46,71654,12,1,1
39,82512,36,1,1
20,87370,19,1,1
36,75235,25,0,0
22,95786,12,2,1
41,26562,31,2,0
26,22375,29,1,0
31,40767,23,0,0
47,22239,11,0,0
44,22527,26,2,0
32,61532,24,1,1
62,79707,29,1,1
55,70597,17,0,0
56,110456,29,0,0
45,49174,24,1,0
36,79926,32,2,1
26,98361,29,1,1
63,88246,13,2,1
30,30234,24,0,0
36,110005,22,1,1
63,80768,4,1,0
21,74707,35,1,1
37,20567,9,1,0
33,96614,23,0,0
35,65938,11,1,1
18,96593,27,2,1
49,103727,10,0,0
25,36766,27,2,0
41,107261,13,0,0
64,69352,9,0,0
44,20959,3,0,0
59,35707,24,0,0
47,37427,38,2,0
61,23771,20,0,0
56,54105,35,2,0
53,82880,8,1,1
26,108304,38,1,1
28,94314,28,2,1
37,96586,16,2,1
20,115606,24,2,1
63,59950,9,2,0
36,32320,31,1,0
40,59051,38,2,0
62,118051,33,1,1
50,114989,9,0,0
49,111885,25,0,0
54,99426,10,1,1
41,33596,0,2,0
38,75332,4,0,0
43,79008,1,2,0
21,78055,0,1,0
30,45734,15,2,0
21,106866,19,2,1
25,111428,24,0,0
61,37265,12,0,0
45,24768,29,1,0
34,47327,34,2,0
29,54925,30,1,0
49,22200,0,2,0
34,38498,36,0,0
56,110155,24,0,0
22,94340,38,1,1
21,42115,2,0,0
44,46040,20,2,0
32,118152,24,0,0
37,85243,35,1,1
42,108104,24,0,0
21,116449,16,0,0
30,106474,1,1,0
35,48783,30,0,0
24,56912,1,2,0
27,36294,21,1,0
63,68884,29,2,1
45,95395,31,0,0
31,69402,1,2,0
56,59367,12,2,0
33,39898,38,1,0
33,56726,27,0,0
52,52799,25,2,0
31,116261,1,2,0
22,25604,19,0,0
61,57370,11,2,0
62,84491,3,1,0
48,59479,4,1,0
35,94275,24,0,0
23,20171,33,0,0
30,46110,16,2,0
58,38472,21,2,0
39,42492,12,2,0
58,32146,7,1,0
27,67087,34,2,1
48,109549,35,0,0
21,37822,35,2,0
54,49900,38,1,0
38,108673,15,1,1
56,34812,23,1,0
55,69437,27,0,0
49,29464,14,2,0
48,101157,10,2,1
30,22418,12,1,0
22,119088,38,0,0
45,38093,19,0,0
22,55788,18,0,0
38,47764,35,2,0
62,40918,6,2,0
22,54727,4,1,0
56,96978,11,1,1
29,49189,21,0,0
61,97923,32,1,1
26,103746,6,0,0
21,105439,39,2,1
48,102046,11,1,1
56,29592,2,0,0
25,75974,24,0,0
47,71760,0,0,0
35,98405,33,1,1
54,106483,14,2,1
60,24170,33,0,0
36,35006,8,2,0
27,70378,1,2,0
36,51932,32,2,0
18,52638,34,2,0
49,80074,39,2,1
51,23423,30,0,0
59,50986,22,2,0
32,92611,11,2,1
59,47288,36,0,0
23,33043,12,0,0
30,34930,17,0,0
28,76117,6,1,1
46,51089,4,0,0
50,108136,29,2,1
23,61397,24,2,1
54,28505,30,1,0
62,110128,9,2,1
46,79166,35,1,1
51,21558,10,2,0
49,108978,36,1,1
36,22497,13,1,0
21,28144,31,0,0
34,104017,18,2,1
39,107405,24,2,1
59,47051,36,0,0
46,37946,17,0,0
43,90401,12,0,0
21,62281,8,1,1
58,104066,35,0,0
39,41199,9,2,0
24,91029,1,2,0
37,52087,27,0,0
20,46664,2,1,0
18,97579,0,2,0
34,119537,16,1,1
45,50912,29,0,0
34,22167,37,2,0
54,32444,33,0,0
35,83238,35,2,1
37,22211,24,0,0
24,97948,10,0,0
26,39935,11,1,0
49,95630,18,0,0
19,78162,2,0,0
29,90929,10,0,0
37,77955,22,0,0
51,30818,17,0,0
38,25066,33,1,0
41,81667,5,1,0
53,46124,8,2,0
33,96028,8,0,0
47,31131,3,1,0
21,38058,7,0,0
64,99134,6,2,1
63,26284,32,2,0
47,43431,25,2,0
64,87252,39,2,1
42,91917,3,0,0
27,65933,24,1,1
59,51055,2,2,0
39,22390,33,0,0
56,85103,14,1,1
28,68720,13,2,1
29,37796,34,1,0
28,89208,39,0,0
49,81968,0,0,0
20,71754,7,0,0
22,79099,28,1,1
31,105047,34,0,0
64,62270,22,1,1
63,106028,7,2,1
42,33511,24,2,0
43,62511,11,2,1
24,80300,20,1,1
51,42000,32,0,0
37,113777,5,1,0
47,97948,3,0,0
35,98938,18,2,1
58,110146,1,1,0
61,99630,35,2,1
19,69624,18,2,1
56,95395,38,2,1
30,89969,13,2,1
36,43056,31,2,0
34,88877,26,2,1
28,39202,8,2,0
19,119904,7,0,0
46,43288,18,0,0
36,89250,14,0,0
21,38410,11,2,0
53,73120,22,2,1
41,55755,19,1,0
59,23978,11,2,0
62,43726,7,2,0
43,39764,8,2,0
55,47437,5,0,0
42,83681,29,1,1
22,37839,22,0,0
19,112591,39,2,1
25,33516,0,0,0
37,61651,23,1,1
45,109090,34,1,1
27,27732,37,0,0
45,46184,5,1,0
37,95556,33,0,0
26,25181,10,0,0
31,86202,31,0,0
34,106528,30,0,0
32,51103,30,2,0
27,39076,29,0,0
32,72532,26,2,1
45,93262,28,1,1
45,39207,33,1,0
36,27739,25,1,0
55,86571,36,2,1
41,67837,2,1,0
40,65597,26,0,0
50,42865,6,0,0
52,72767,29,1,1
50,76332,29,1,1
25,35553,7,1,0
61,34458,36,0,0
47,88157,36,0,0
28,83119,11,0,0
42,83158,9,0,0
53,100366,21,1,1
57,101780,11,1,1
58,95507,28,2,1
37,80774,7,2,1
29,99899,15,1,1
18,27877,1,0,0
55,39404,24,0,0
48,42709,26,2,0
48,57662,26,2,0
29,23507,33,1,0
48,64316,21,2,1
43,60787,27,1,1
50,106913,0,2,0
37,72217,18,1,1
51,46776,14,2,0
24,79294,3,1,0
37,59025,14,2,0
44,87610,11,1,1
48,94350,17,2,1
18,27147,20,1,0
33,102741,10,1,1
28,37392,3,2,0
39,85873,16,0,0
22,54514,7,1,0
19,61726,35,2,1
62,87588,20,1,1
64,83473,31,0,0
60,68856,4,1,0
28,38999,22,1,0
36,117987,9,1,1
48,62045,20,0,0
58,50007,14,1,0
57,30300,13,1,0
41,72201,3,1,0
63,116143,3,1,0
38,80870,12,1,1
50,83802,17,0,0
64,84454,4,1,0
51,61158,3,2,0
46,90069,16,1,1
53,33598,7,2,0
24,37436,23,1,0
18,33046,14,1,0
28,30734,28,2,0
22,56755,18,1,0
30,95367,36,0,0
54,92196,12,1,1
57,24819,0,0,0
22,83428,1,0,0
51,103505,7,0,0
36,30581,10,1,0
25,27773,16,2,0
30,26653,1,1,0
26,108197,21,1,1
30,31165,8,0,0
62,74625,26,0,0
40,35398,5,0,0
39,48610,39,2,0
63,78684,13,1,1
61,44051,25,2,0
21,35014,35,0,0
56,114734,4,1,0
49,78377,7,0,0
18,51007,36,0,0
31,37740,33,2,0
40,100378,11,2,1
47,66198,30,1,1
18,76529,39,1,1
59,76098,17,2,1
28,20824,8,2,0
49,22848,17,2,0
43,113588,13,1,1
59,70418,13,0,0
28,24067,4,2,0
35,32883,39,1,0
30,93394,34,2,1
31,66935,6,0,0
63,33099,36,1,0
31,117568,35,2,1
35,57963,10,2,0
22,70471,8,2,1
27,92405,17,0,0
55,87669,10,2,1
55,61744,29,1,1
31,70491,10,0,0
50,30726,30,2,0
42,44292,28,2,0
39,106670,36,1,1
63,58440,12,2,0
58,64272,17,0,0
21,45557,8,0,0
35,98703,22,1,1
47,47956,31,0,0
28,59468,24,2,0
27,106172,32,1,1
49,36832,6,0,0
56,67277,26,2,1
64,104462,19,2,1
43,20418,29,0,0
57,64361,31,0,0
25,95259,7,2,1
28,79363,10,2,1
35,77923,24,2,1
35,67928,27,1,1
34,63442,6,0,0
30,105819,19,2,1
51,107300,17,0,0
31,91714,15,0,0
40,77971,17,1,1
57,76928,16,2,1
18,80419,3,1,0
40,30290,23,0,0
63,72963,6,0,0
19,83968,31,2,1
62,26585,26,2,0
19,25154,2,0,0
44,95455,12,0,0
59,86215,2,2,0
49,49824,7,0,0
62,46118,1,1,0
21,47568,1,0,0
30,59291,28,0,0
25,29458,39,0,0
32,98880,38,0,0
49,78962,1,0,0
57,42027,8,2,0
25,48109,6,0,0
19,100325,17,2,1
43,81645,26,1,1
31,108542,30,2,1
18,21394,33,1,0
46,95360,9,1,1
23,71661,19,2,1
57,20848,21,1,0
42,104049,26,2,1
26,108792,38,2,1
40,84639,38,1,1
61,99138,4,2,0
58,54489,28,1,0
39,27209,27,2,0
28,56212,14,0,0
64,105756,11,1,1
45,28227,1,2,0
30,45862,2,0,0
37,116287,39,2,1
19,113954,11,0,0
22,115320,20,0,0
54,109873,39,0,0
49,57210,34,1,0
43,54494,38,0,0
26,35046,36,0,0
21,40673,11,0,0
29,50301,36,2,0
18,42345,5,2,0
59,83469,22,0,0
18,27084,28,2,0
39,101501,7,2,1
50,48004,20,2,0
28,96499,30,2,1
32,119310,0,0,0
46,76817,29,0,0
62,76300,32,0,0
62,111260,0,1,0
25,72771,34,1,1
59,62807,37,2,1
48,21253,36,2,0
47,87655,25,1,1
32,116528,37,1,1
39,27230,9,2,0
25,119548,16,2,1
58,88762,34,2,1
31,66119,39,1,1
21,64109,28,2,1
52,25991,26,0,0
60,56423,32,1,0
50,111358,32,0,0
62,93190,32,1,1
35,85647,35,2,1
43,24513,18,0,0
20,48387,21,2,0
60,33661,13,1,0
34,115360,21,2,1
41,61794,0,0,0
59,97240,18,0,0
56,21586,23,2,0
45,87971,2,0,0
41,102040,3,2,0
20,64455,33,2,1
39,25496,32,0,0
41,21247,9,2,0
22,48275,29,0,0
46,59017,30,2,0
54,119217,8,2,1
24,27381,14,2,0
38,26058,23,0,0
27,41075,34,0,0
23,82342,14,2,1
54,86205,10,1,1
34,38936,20,2,0
41,54062,10,0,0
48,91486,35,2,1
29,53911,12,2,0
23,65194,27,2,1
61,92761,22,1,1
43,98479,38,1,1
27,70972,1,1,0
21,75663,24,1,1
64,26491,1,1,0
25,87470,10,2,1
60,80674,35,1,1
32,102199,7,1,1
25,66042,7,0,0
23,26263,8,1,0
55,33537,13,1,0
18,65164,24,1,1
50,96196,1,0,0
28,101210,12,2,1
31,66525,3,1,0
61,76576,7,2,1
60,94332,34,1,1
46,72970,1,0,0
60,113739,23,1,1
20,40373,12,2,0
50,93677,28,2,1
30,77218,29,2,1
24,34679,2,1,0
51,94547,26,0,0
24,111698,10,0,0
57,43534,18,2,0
32,53949,17,2,0
33,31297,22,0,0
54,27538,30,1,0
42,55966,6,2,0
31,100534,21,2,1
24,44529,33,0,0
58,105341,11,2,1
35,101582,29,2,1
63,43153,38,0,0
37,100459,10,2,1
43,119457,12,0,0
52,80831,25,0,0
28,88142,22,0,0
47,67580,25,2,1
48,34795,31,1,0
26,56654,36,0,0
40,96984,10,1,1
36,51337,38,1,0
43,116821,28,2,1
37,39755,4,0,0
18,69792,37,0,0
54,94172,7,1,1
64,76107,0,0,0
60,32451,35,0,0
49,66306,19,2,1
23,106242,3,1,0
18,87761,39,2,1
41,98835,3,1,0
58,70220,6,2,1
27,79753,27,1,1
21,46183,23,0,0
56,116363,33,1,1
54,50052,5,0,0
25,23091,34,0,0
22,81014,11,0,0
59,24545,14,1,0
21,32052,31,2,0
64,48506,38,0,0
40,108103,39,2,1
52,66395,31,0,0
24,48935,4,2,0
19,26868,37,0,0
32,46547,29,0,0
21,54394,20,0,0
40,80976,36,1,1
29,44472,28,1,0
42,69312,18,2,1
39,68126,36,2,1
47,31063,38,0,0
41,70003,7,2,1
27,42771,18,2,0
64,83051,31,1,1
19,38220,24,2,0
25,58795,32,2,0
50,54280,15,2,0
57,77299,29,0,0
20,117934,29,0,0
32,87998,11,2,1
60,71665,11,1,1
26,110414,29,0,0
27,103245,9,2,1
37,111350,39,0,0
18,68515,19,0,0
37,109906,5,2,0
36,78796,8,1,1
33,103106,28,2,1
28,55906,11,2,0
28,55517,23,1,0
22,74042,22,0,0
43,70049,28,2,1
56,57555,20,1,0
24,70841,18,2,1
26,109618,3,2,0
25,22220,1,2,0
32,24622,3,0,0
43,84143,14,2,1
50,100200,3,2,0
54,39600,22,1,0
22,100415,10,0,0
30,106732,26,1,1
37,70917,34,0,0
39,113216,6,2,1
62,95084,17,2,1
53,22723,9,0,0
39,100551,19,0,0
38,54459,33,2,0
59,95775,23,2,1
23,68921,32,1,1
63,51763,37,1,0
51,75359,33,0,0
62,103023,2,0,0
23,28757,8,1,0
23,24289,19,0,0
48,49041,3,1,0
18,72095,17,2,1
28,68541,26,2,1
40,107973,23,0,0
22,53165,11,1,0
48,55921,11,2,0
51,28666,38,1,0
64,92057,22,2,1
25,54755,2,2,0
43,114241,21,0,0
50,88327,8,1,1
39,104350,22,1,1
35,91883,36,2,1
50,77301,33,0,0
20,107022,15,1,1
29,102692,1,0,0
52,69106,18,1,1
33,86669,10,1,1
49,76352,33,1,1
39,68677,11,1,1
35,43893,27,0,0
34,59534,21,1,0
55,21644,16,1,0
38,59518,36,2,0
28,118397,13,2,1
28,48840,25,2,0
24,29639,11,1,0
19,57954,18,2,0
64,107889,4,2,0
37,89073,1,0,0
42,54235,9,1,0
40,41193,35,1,0
41,103684,14,1,1
63,68783,28,0,0
23,63039,25,1,1
56,64941,16,1,1
33,64150,37,0,0
49,115311,3,1,0
37,107727,29,0,0
21,61245,39,2,1
30,31162,4,1,0
30,20528,12,2,0
22,30250,24,0,0
61,28500,3,1,0
61,25118,19,2,0
38,57451,18,2,0
35,42798,35,1,0
25,21729,3,0,0
43,95910,17,1,1
35,74907,36,1,1
61,43800,33,2,0
35,92754,14,1,1
36,30392,26,1,0
59,85577,22,0,0
60,59413,0,2,0
44,23184,14,2,0
60,23590,4,0,0
40,52226,21,1,0
30,79324,5,2,0
22,40497,2,2,0
35,63225,12,2,1
19,107762,13,0,0
25,95826,2,2,0
44,86902,6,1,1
52,52219,21,2,0
18,76038,13,2,1
60,76999,38,2,1
36,74826,8,1,1
44,29985,35,2,0
44,40824,37,2,0
58,53001,5,2,0
18,114224,9,1,1
18,32488,38,2,0
40,104290,19,0,0
43,56884,7,0,0
29,117927,24,2,1
18,94666,39,1,1
60,41014,10,0,0
33,113555,38,2,1
50,87599,20,1,1
56,101899,17,2,1
39,119407,35,2,1
39,110402,10,0,0
44,86070,37,0,0
40,27952,12,2,0
34,65485,18,0,0
41,64475,7,1,1
49,67320,5,2,0
28,26675,3,1,0
22,29568,13,0,0
32,55714,0,2,0
53,77176,25,0,0
36,85010,16,1,1
23,98341,27,0,0
58,95914,39,2,1
53,64807,37,2,1
25,98096,0,0,0
50,61165,28,1,1
33,74175,4,0,0
33,79834,28,1,1
60,23365,13,0,0
43,101559,12,1,1
24,115092,32,1,1
64,59100,31,1,0
61,88332,20,0,0
41,37982,17,1,0
61,24563,18,2,0
39,72889,24,1,1
58,113213,9,0,0
53,54442,15,1,0
56,92358,9,1,1
27,27200,30,1,0
63,32781,3,0,0
63,110015,10,1,1
40,69404,22,2,1
32,114338,31,2,1
26,98954,14,2,1
57,51092,21,0,0
34,84300,14,0,0
26,76167,34,1,1
46,107915,16,2,1
64,100621,0,2,0
57,62913,25,2,1
30,38856,6,1,0
34,89026,1,1,0
63,93206,35,2,1
27,24682,22,0,0
28,110340,33,0,0
33,116184,4,1,0
43,108492,8,0,0
55,50820,3,1,0
52,48824,22,1,0
31,34167,5,2,0
23,81120,19,1,1
61,92443,8,2,1
64,65936,2,1,0
47,70531,38,0,0
29,104407,9,1,1
37,37887,19,1,0
42,79829,16,1,1
61,119003,4,0,0
56,69975,11,1,1
38,96793,21,1,1
52,97370,35,0,0
47,107465,8,0,0
45,56489,5,0,0
45,97419,35,0,0
41,109309,25,2,1
35,112746,4,2,0
42,64649,9,0,0
60,48389,29,0,0
32,67920,23,1,1
26,118672,18,0,0
58,53845,9,1,0
56,40180,20,0,0
31,72781,7,0,0
20,52347,31,2,0
25,72282,32,2,1
36,119794,36,0,0
21,90809,7,2,1
62,60155,10,2,1
19,41802,19,1,0
57,27819,1,1,0
56,30662,31,1,0
26,83555,29,0,0
23,48783,22,1,0
21,48427,7,0,0
64,42737,6,0,0
62,57321,0,2,0
57,111041,39,2,1
22,73413,27,2,1
22,56961,24,1,0
41,113222,25,1,1
34,21194,10,2,0
18,109157,25,0,0
18,106558,11,1,1
39,49738,16,2,0
42,117740,37,2,1
45,113814,17,1,1
38,76569,28,2,1
44,60635,7,2,1
36,95092,8,1,1
24,32743,32,2,0
53,76729,35,0,0
21,76700,36,2,1
25,108939,0,2,0
39,99055,30,2,1
26,35398,4,1,0
39,76230,19,0,0
36,53401,29,1,0
23,30870,5,0,0
63,52475,3,2,0
37,32016,31,0,0
42,42700,28,0,0
58,27573,15,1,0
30,111900,14,1,1
34,50800,24,1,0
33,114268,2,2,0
30,31630,6,0,0
52,58941,13,2,0
25,110513,8,0,0
27,85738,18,0,0
48,56753,19,1,0
32,118586,12,2,1
61,113960,14,2,1
23,114787,13,2,1
24,78393,30,1,1
45,106283,34,1,1
40,77449,31,1,1
27,36330,26,2,0
31,87462,32,0,0
58,42912,13,2,0
33,41867,14,2,0
43,56117,32,2,0
23,26583,32,0,0
54,49302,36,2,0
43,77000,0,1,0
41,88494,6,1,1
32,103520,10,2,1
23,29289,39,1,0
28,45792,20,0,0
31,113802,20,0,0
41,68316,16,2,1
51,88840,39,1,1
61,102295,8,0,0
51,62796,18,2,1
25,112124,8,1,1
40,89375,34,2,1
22,109274,30,0,0
22,53011,29,0,0
38,99494,19,2,1
51,119420,4,2,0
56,69196,3,0,0
18,66308,39,2,1
39,55260,18,1,0
42,30957,13,2,0
47,42087,11,1,0
19,67602,19,0,0
52,82918,24,1,1
55,50489,28,1,0
25,72378,29,2,1
44,29341,8,1,0
35,57778,30,0,0
50,105852,5,1,0
44,86086,36,1,1
55,52573,18,0,0
41,62309,10,0,0
28,43649,37,1,0
53,81507,39,1,1
55,89987,37,2,1
41,74897,9,1,1
46,41412,4,1,0
18,27726,22,0,0
20,57692,1,2,0
39,34604,17,1,0
49,22556,28,2,0
35,20636,23,2,0
54,102991,37,1,1
42,119334,18,2,1
19,106477,28,1,1
28,20225,33,1,0
28,104182,29,1,1
41,72086,14,2,1
25,81443,15,2,1
30,46179,32,0,0
28,73432,9,0,0
54,79122,34,1,1
53,57468,28,2,0
64,90550,3,2,0
26,108263,27,0,0
55,29612,12,1,0
36,55977,4,0,0
25,103894,5,1,0
34,46674,34,2,0
59,102852,7,2,1
61,69102,12,2,1
51,42511,16,0,0
53,64516,18,0,0
57,66154,14,0,0
55,75407,31,2,1
52,50391,18,0,0
36,37293,22,1,0
30,32156,30,0,0
52,24204,19,2,0
40,87224,18,1,1
26,89213,6,1,1
19,97997,39,1,1
48,32607,32,1,0
64,20520,30,0,0
48,76551,39,2,1
23,26113,18,0,0
47,98627,13,2,1
63,75688,34,0,0
23,41312,39,1,0
47,116944,0,0,0
31,37250,37,2,0
45,35637,27,1,0
54,40560,30,2,0
21,64995,27,1,1
53,33521,1,0,0
38,105857,22,1,1
28,98561,2,0,0
20,89931,34,2,1
42,117671,13,2,1
32,54503,37,1,0
30,62745,12,1,1
60,92985,18,1,1
22,34793,19,0,0
27,102057,6,0,0
43,91824,4,2,0
20,115418,34,0,0
51,27330,22,0,0
59,81522,20,1,1
31,84911,26,0,0
56,67957,24,0,0
63,113324,20,1,1
31,84490,28,1,1
32,111651,3,1,0
43,30403,34,2,0
54,82791,21,2,1
27,88594,35,1,1
59,92527,37,0,0
27,23390,9,2,0
27,67398,8,1,1
23,113034,23,0,0
41,81556,24,0,0
40,23872,9,0,0
20,76806,13,1,1
37,46633,6,0,0
23,80430,27,2,1
57,36248,24,2,0
27,27081,11,2,0
25,41222,11,1,0
